mandi,latitude,longitude
Naharlagun,27.1308555,93.709712
Howly,26.4249628,90.9712027
Gauripur,26.0865358,89.964662
Dibrugarh,27.4844597,94.9019447
P.O. Uparhali Guwahati,,
Dhing,26.4449658,92.5268228
Mapusa,15.590853,73.8102146
Ahmedabad(Chimanbhai Patal Market Vasana),,
Khambhat(Veg Yard Khambhat),,
Deesa(Deesa Veg Yard),,
Bhavnagar,21.7718836,72.1416449
Mahuva(Station Road),21.0943917,71.7568456
Dahod(Veg. Market),,
Jamnagar,22.4732415,70.0552102
Visavadar,21.3417058,70.7534299
Nadiyad(Piplag),,
Mehsana(Mehsana Veg),,
Morbi,22.8003959,70.886232
Gondal,21.9575096,70.8009896
Rajkot(Veg.Sub Yard),,
Surat,21.1923647,72.9551023
Padra,22.2412214,73.0855259
Vadodara(Sayajipura),,
Ambala City,30.3780749,76.7646449
Barara,30.2423627,77.0460519
Naraingarh,30.445576,77.1256318
Shahzadpur,30.446413,77.0334204
Bhiwani,28.7931703,76.1391283
Ch. Dadri,28.5848609,77.3601866
Faridabad,28.4031478,77.3105561
Farukh Nagar,28.4474356,76.8262064
Gurgaon,28.4646148,77.0299194
Barwala(Hisar),29.350185,75.9381712
Narnaund,29.2607774,76.11465
Jind,29.3152073,76.314082
Narwana,29.5830598,76.0754066
Dhand,25.3980258,78.3188856
Siwan,26.131008,84.3910745
Asandh,29.5212674,76.603457
Gharaunda,29.5394114,76.9388937
Iamailabad,,
Ladwa,30.0346232,77.0485926
Shahabad,17.1219321,76.9433966
Thanesar,29.9930395,76.8292228
Mohindergarh,,
Narnaul,28.0438456,76.1062015
Hassanpur,28.0173749,77.4512004
Barwala,29.350185,75.9381712
Panchkul(Kalka),,
Bapauli,,
Rewari,28.1956468,76.6165179
Meham,28.9674025,76.2953562
Sampla,28.8192189,76.7609033
Sirsa,29.6063041,74.9036568
kalanwali,29.8223647,74.9343591
Ganaur,29.137835,77.0202921
Gohana,29.1189405,76.6705443
Sonepat,28.99197,77.0342633
Chhachrauli,,
Jagadhri,30.1532045,77.3011957
Mustafabad,29.6436099,77.1079093
Radaur,30.0434068,77.1854441
Sadhaura,30.416175,77.224979
Yamuna Nagar,8.5502244,76.987407
Bilaspur,22.1638486,82.1365923
Chamba,32.6923316,76.1631552
Hamirpur,25.75,80.0
Hamirpur(Nadaun),31.7665802,76.3606064
Kangra,32.0768665,76.2985872
Bhuntar,32.0030576,77.4794713
Kullu,31.9578974,77.1089232
Dhanotu (Mandi),31.5461,76.9087
Paonta Sahib,30.4384439,77.6211774
Solan,30.9077569,77.1023645
Una,31.5834642,76.2351452
Narwal Jammu (F&V),32.6766223,74.8843514
Parimpore,,
Giridih,24.3314546,86.1548117
Bangalore,12.9767936,77.590082
Belgaum,15.8572666,74.5069343
Hospet,15.266493,76.3872297
Bijapur,18.7935679,80.815939
Chikkamagalore,,
Davangere,14.4661266,75.9206361
Hubli (Amaragol),15.3951581,75.0798686
Gadag,15.416692,75.6815801
Bangarpet,12.98822,78.1812561
Mysore (Bandipalya),12.230206,76.6526593
Raichur,16.0547194,76.9003647
Tumkur,13.3400771,77.1006208
Chengannur,9.3182808,76.6085318
Harippad,9.2931789,76.4146872
Kayamkulam,9.1723603,76.500061
Aluva,10.1077682,76.3568532
Angamaly,10.1910284,76.3874109
Ernakulam,9.9837257,76.2740001
Perumbavoor,10.1147548,76.4778152
Thrippunithura,9.9440256,76.3489858
Munnar,10.0869959,77.0600915
Thodupuzha,9.8976798,76.7134225
Vandiperiyar,9.5729206,77.0918879
Kannur,11.8763836,75.3737973
Kanjangadu,,
Kollam,8.8870815,76.5907017
Kottarakkara,9.0055368,76.7832172
Athirampuzha,9.6678442,76.5328609
Ettumanoor,9.6751487,76.5460114
Kanjirappally,9.5440324,76.8104166
Kottayam,9.6287383,76.6455326
Kuruppanthura,9.7401938,76.5175417
Pala,20.8331539,77.7047967
Pampady,9.5656334,76.6443645
Kallachi,11.6836738,75.6645224
Mukkom,8.822364,76.6462584
Palayam,8.5030538,76.9500997
Perambra,11.559725,75.7581231
Thamarassery,11.4183747,76.0190597
Kondotty,11.1457203,75.9643753
Kottakkal,11.0004806,76.004758
Manjeri,11.1202289,76.1198109
Parappanangadi,11.0507863,75.8640002
Thirurrangadi,,
Palakkad,10.7873691,76.4742172
Pattambi,10.8048616,76.1780161
Vadakkenchery,10.5922019,76.4840809
Chavakkad,10.5243344,76.0799391
Irinjalakkuda,10.3815259,76.1748018
Kodungalloor,10.2269615,76.1984049
Wadakkanchery,10.6027705,76.2025814
Chala,8.4830928,76.952177
Bhopal(F&V),,
Damoh(F&V),,
Dewas(F&V),,
Badnawar(F&V),,
Rajgarh,23.8716706,76.7744703
Indore(F&V),,
Sanwer,22.9778614,75.8466312
Jhabua,22.8869652,74.7243249
Khandwa(F&V),,
Mandsaur,24.2628148,75.385692
Manasa,23.3054063,74.7715584
Neemuch,24.6305517,75.1829
Sailana,23.4559437,74.9273527
Ujjain(F&V),,
Ahmednagar,19.1627725,74.8580243
Newasa(Ghodegaon),,
Rahuri(Vambori),,
Shevgaon,19.3797171,75.2954872
Amrawati(Frui & Veg. Market),,
Chandrapur(Ganjwad),,
Chattrapati Sambhajinagar,,
Vaijpur,,
Dhule,21.1305215,74.4900614
Kolhapur,16.7028412,74.2405329
Vashi New Mumbai,19.0594069,72.9602962
Nagpur,21.1498134,79.0820556
Devala,19.9468174,79.2553995
Dindori(Vani),,
Kalvan,,
Lasalgaon,20.1426837,74.2377507
Lasalgaon(Niphad),20.1426837,74.2377507
Malegaon,20.5576062,74.5246514
Manmad,20.2519828,74.4392286
Nasik,19.9834939,73.8926931
Pimpalgaon,20.7016928,77.7187997
Pimpalgaon Baswant(Saykheda),,
Satana,20.5991006,74.2021078
Sinner,19.8972539,74.1623127
Yeola,20.0429079,74.4880389
Indapur,18.1125305,74.9238654
Pune,18.5213738,73.8545071
"Sangli(Phale, Bhajipura Market)",,
Vita,17.271977,74.5372841
Karad,17.2852127,74.1822147
Lonand,18.0387975,74.186926
Vai,20.4801154,78.1676841
Mangal Wedha,,
Solapur,17.8499067,75.2763203
Azadpur,28.7070448,77.1803722
Keshopur,24.6953682,78.2090834
Shahdara,28.6758661,77.2985078
Angul,21.102538,84.9536825
Angul(Atthamallick),,
Angul(Jarapada),20.9106337,85.0105931
Jaleswar,21.7976371,87.2200637
Nilagiri,21.4630988,86.7443752
Attabira,21.4468176,83.7671747
Bargarh,21.2319922,83.5652737
Bargarh(Barapalli),,
Bolangir,20.7502257,83.2499464
Tusura,20.4865534,83.4851128
Kendupatna,,
Kendupatna(Niali),,
Deogarh,24.4898318,86.6990182
Dhenkanal,20.8351494,85.6022305
Mottagaon,,
Bhanjanagar,20.0209156,84.4864172
Hinjilicut,19.485655,84.7442693
Jajpur,20.8746788,86.1215393
Jharsuguda,21.8019368,83.9713964
Kesinga,20.1906391,83.2227735
Chatta Krushak Bazar,,
Kendrapara,20.5475164,86.5296168
Kendrapara(Marshaghai),,
Pattamundai,20.5626441,86.5908069
Champua,22.0058013,85.5851712
Keonjhar(Jhumpura),,
Aiginia Mandi,,
Balugaon,19.7480397,85.2014998
Damana Hat,,
Jatni,28.7092586,78.8555288
Betnoti,21.7418915,86.8456965
Udala,21.5831418,86.5832677
Bahadajholla,,
Sarankul,20.0099679,85.1381725
Khariar,20.2700878,82.7478876
Khariar Road,20.9013244,82.5109747
Rairakhol,21.0462204,84.3333106
Birmaharajpur,20.8681154,84.0474915
Dungurapalli,,
Sargipali,21.17981,83.5310697
Ajnala,31.8442334,74.7625233
Amritsar(Amritsar Mewa Mandi),,
Gehri(Jandiala mandi),,
Rayya,31.5400094,75.2320334
Barnala,30.3716802,75.5039887
Bathinda,30.1794814,75.0471098
Bhucho,30.2101095,75.0952797
Raman,29.9496545,74.9771404
Talwandi Sabo,29.9838213,75.081768
Bassi Pathana,30.6896408,76.4042392
Sirhind,30.625015,76.3853971
Abohar,30.1450543,74.1956597
Fazilka,30.3198406,74.1217943
Ferozepur Cantt.,30.9282528,74.6287351
Guru Har Sahai,30.708855,74.4034695
Makhu,31.1027381,74.9904064
Mamdot,30.8695569,74.4228136
Zira,30.971299,74.9881797
Batala,31.8193025,75.1999941
Dinanagar,32.1338479,75.4719883
Gurdaspur,31.9037264,75.2275587
Quadian,,
Dasuya,31.8143209,75.6573028
Garh Shankar(Mahalpur),,
Mukerian(Talwara),31.9479104,75.8638282
Tanda Urmur,,
Adampur,29.2538851,75.501743
Jalandhar City(Jalandhar),31.3323762,75.576889
Phillaur(Apra Mandi),,
Jagraon,30.8041704,75.4753645
Khanna,30.700625,76.2220763
Machhiwara,30.9154607,76.1992887
Raikot,30.6496526,75.5993128
Samrala,30.8368764,76.1913755
Budalada,,
Sardulgarh,29.6934466,75.23753
Baghapurana,,
Dharamkot,30.9432095,75.2327764
Moga,30.7877554,75.159359
Dera Bassi,30.5882408,76.8438542
Kharar,30.7488437,76.6428994
Lalru,30.4797102,76.7944291
Giddarbaha,30.2051335,74.6635003
Malout,30.1890608,74.4994549
Nawan Shahar(Subzi Mandi),,
Pathankot,32.3021899,75.6589406
Nabha,30.3739948,76.1528674
Patiala,30.2092778,76.3397231
Rajpura,23.2892414,74.9794733
Anandpur Sahib,31.2299862,76.5005778
Chamkaur Sahib,30.8971758,76.4116372
Morinda,30.7908462,76.4984505
Ropar,30.9688367,76.526088
Dhuri,23.7011513,80.2049434
Khanauri,29.8326902,76.113789
Malerkotla,30.533129,75.8807604
Sangrur,30.135717,75.8533326
Sunam,30.134004,75.8062777
Patti,25.9496326,82.1811392
Tarantaran,31.5453071,75.0054797
Phagwara,31.2206734,75.7696463
Alwar (F&V),,
Chittorgarh,24.7171578,74.4718129
Sriganganagar (F&V),,
Pilibanga,29.4916223,74.0790249
Jaisalmer,26.9116615,70.9124888
Jalore,25.2718629,72.4388121
Jodhpur (F&V),33.1387461,75.6390238
Neem Ka Thana,27.7215907,75.7480465
Pratapgarh,25.75,81.75
Udaipur (F&V),,
Bowenpally,17.4755371,78.4792282
Teliamura,23.8245404,91.6316385
Achnera,27.1771454,77.7575072
Fatehabad,29.5359209,75.5752901
Fatehpur Sikri,27.0911655,77.6623984
Jagnair,,
Khairagarh,21.4166145,80.9818486
Samsabad,,
Aligarh,27.8761073,78.1358153
Khair,27.9420637,77.842669
Akbarpur,26.4200687,82.5382541
Jafarganj,24.7638229,87.9268026
Sultanpur,26.2604732,82.2380532
Auraiya,26.6558215,79.5160757
Dibiapur,,
Faizabad,26.7807986,82.1486589
Bilsi,28.1402606,78.9549573
Ujhani,27.9951096,79.0153138
Baraut,29.1560645,77.3064032
Bahraich,27.7343823,81.47654
Naanpara,,
Ballia,25.8749594,84.1210329
Chitwadagaon,,
Vilthararoad,,
Atarra,25.2589804,80.6182217
Baberu,25.5463728,80.7787302
Banda,25.4438537,80.5595237
Barabanki,26.9421406,81.3856087
Safdarganj,26.9143164,81.3616885
Bahedi,29.0350283,78.8849258
Bareilly,28.4582344,79.4047452
Basti,26.8387083,82.5350919
Bijnaur,29.8575065,78.5598995
Chaandpur,24.8517641,87.7998268
Kiratpur,25.9952476,86.3651878
Nagina,29.538422,78.5151467
Najibabad,29.6131324,78.3430066
Divai,10.2857993,76.336828
Gulavati,,
Sikarpur,21.8096537,88.1622093
Siyana,28.6277173,78.0599187
Karvi,,
Devariya,25.6590899,75.9084034
Bharthna,,
Etawah,26.7155629,79.0917098
Farukhabad,,
Kayamganj,27.5525036,79.343542
Bindki,26.0421896,80.5149166
Fatehpur,25.8348023,80.9154547
Sirsaganj,27.0569981,78.686047
Tundla,27.2132859,78.2371117
Ghaziabad,28.7749966,77.4586967
Gazipur,22.4118338,88.2467986
Jangipura,20.6623813,75.5817103
Gonda,27.1103723,81.9238906
Karnailganj,,
Nawabganj,26.9231368,81.2082558
Chorichora,,
Gorakhpur,26.6677977,83.3642334
Raath,25.5966524,79.5768386
Hardoi,27.3369978,80.0998232
Madhoganj,26.0804138,75.5530214
Shahabad(New Mandi),,
Haathras,,
Konch,24.9415836,84.7533008
Orai,25.9359555,79.4243277
Jaunpur,25.7967065,82.4888992
Shahganj,26.0186438,82.6172019
Gurusarai,,
Chhibramau,27.0776135,79.5856961
Kannauj,26.9986675,79.6927946
Choubepur,,
Kanpur(Grain),,
Tamkuhi road,26.7242174,84.2278795
Lakhimpur,27.1763356,94.1992932
Paliakala,,
Lalitpur,24.6999688,78.51862
Lucknow,26.8381,80.9346001
Maharajganj,27.0936024,83.5660681
Partaval,,
Mahoba,25.3615938,79.706011
Ghiraur,,
Mainpuri,27.2093072,79.0625369
Kosikalan,27.7927679,77.4406575
Mathura,27.4955539,77.6855554
Kopaganj,26.0205442,83.5685545
Mawana,29.0465881,77.9633451
Meerut,29.0018557,77.7679671
Sardhana,29.1486525,77.6362019
Mirzapur,24.9316896,82.6280163
Khatauli,29.2738601,77.7374607
Muzzafarnagar,29.3821518,77.800136
Pilibhit,28.4947158,80.1076122
Puranpur,28.5143487,80.1512946
Vishalpur,24.9837584,80.6537229
Ajuha,25.7026986,81.2491912
Allahabad,25.4381302,81.8338005
Jayas,19.1641399,72.8553163
Rampur,28.7934728,79.1845806
Chutmalpur,,
Deoband,29.7226695,77.6712233
Gangoh,29.780632,77.2629435
Rampurmaniharan,,
Saharanpur,29.9856799,77.5040646
Muradabad,21.023621,76.5779345
Khalilabad,26.7751208,83.05424
Puwaha,,
Shahjahanpur,27.9128583,79.7476254
Tilhar,28.0571981,79.7416689
Khandhla,,
Sahiyapur,,
Sitapur,27.5026747,80.8335139
Viswan,9.257912,76.4143039
Robertsganj,24.6266156,83.2403026
Bangarmau,26.8916447,80.21506
Unnao,26.5673264,80.6198193
Varanasi(F&V),8.7240988,77.7637945
Dehradoon,,
Rishikesh,30.1086537,78.2916193
Vikasnagar,30.3881655,77.8486162
Haridwar Union,,
Roorkee,29.8693496,77.8902124
Ramnagar,29.394835,79.126934
Sitarganj,28.95915,79.7282695
Alipurduar,26.4851573,89.5246926
Bishnupur(Bankura),23.0757335,87.3146343
Birbhum,24.0621532,87.6982823
Bolpur,23.661154,87.6962424
Karsiyang(Matigara),,
Siliguri,26.7164127,88.4309916
Ramkrishanpur(Howrah),,
Uluberia,22.4700318,88.1011108
Bara Bazar (Posta Bazar),,
Gajol,25.2158916,88.1933032
Samsi,25.276269,88.0101183
Jangipur,24.4561534,88.1073968
Bethuadahari,23.6112685,88.3845209
Chakdah,23.0653795,88.5300625
Kalyani,22.9749723,88.4345915
Nadia,23.4847374,88.5567067
Ranaghat,23.1738124,88.563677
Asansol,23.6871297,86.9746587
Durgapur,23.5350475,87.3380425
Burdwan,23.2495714,87.8681751
Katwa,23.644278,88.1287333
Baruipur(Canning),22.3361285,88.4743497
Diamond Harbour(South 24-pgs),,
A lot,24.5970118,73.681481
AJattihalli(Uzhavar Sandhai ),,
Aarah,,
Aashta(F&V),,
Abu Road,24.4812736,72.7852867
Achalda,,
Adilabad(Rythu Bazar),,
Agar,20.8185917,76.9431524
Agar(F&V),32.8906643,75.5370301
Agra,27.1752554,78.0098161
Ahirora,,
Ahmedgarh,30.6772118,75.8258147
Ait,25.8932799,79.2418956
Ajmer(F&V),,
Akhnoor,32.9019451,74.7347398
Akluj,17.8930069,75.0204482
Akodiya,26.3994042,73.9611625
Akodiya(F&V),,
Akola,20.7618123,77.1921157
Akole,19.5419344,74.0092582
Alangudi(Uzhavar Sandhai ),,
Alappuzha,9.5006651,76.4124143
Aliganj,27.4856878,79.0839208
Alirajpur(F&V),,
Alot(F&V),,
Amalner,21.0493189,75.0573385
Amarawati,15.9964121,76.9597966
Amarpur,23.5155013,91.6548554
Amba,23.5205969,74.9057351
Ambala Cantt.,30.3663493,76.8200483
Ambala City(Subji Mandi),,
Ambasamudram,8.7082538,77.4382732
Ambasamudram(Uzhavar Sandhai ),,
Ambattur(Uzhavar Sandhai ),,
Ammapet(Uzhavar Sandhai ),,
Amroha,28.7952632,78.3436244
Anaiyur(Uzhavar Sandhai ),,
"Anand(Veg,Yard,Anand)",,
Anandnagar,18.4784152,73.8240754
Anchal,8.9292657,76.9065012
Andipatti(Uzhavar Sandhai ),,
Angaura,,
Anjad,22.049061,75.0565446
Ankleshwar,21.6293206,72.9945103
Anna nagar(Uzhavar Sandhai ),,
Anoop Shahar,,
Anuppur,23.0346179,81.7510255
Anwala,23.1228061,77.2951643
Anyara(EEC),,
Arakalgud,12.7628914,76.062849
Aralamoodu,,
Arani,12.6862294,79.2992444
Arani(Uzhavar Sandhai ),,
Aranthangi,10.1686451,78.9927909
Aranthangi(Uzhavar Sandhai ),,
Arasikere,13.3159809,76.256849
Arcot,12.9078949,79.320393
Arcot(Uzhavar Sandhai ),,
Ariyalur Market,,
Ariyalur(Uzhavar Sandhai),,
Aroor,9.8783108,76.3038826
Arreria,,
Aruppukottai(Uzhavar Sandhai ),,
Arur,11.2331914,79.6899104
Arwal,25.1812831,84.6596648
Ashahipora (Anantnagh),,
Ashta,21.6619918,78.1687487
Asifabad,19.3593461,79.2960404
Athur(Uzhavar Sandhai ),,
Atrauli,27.9730518,78.4005449
Attayampatti(Uzhavar Sandhai ),,
Attur,10.2877695,77.8520822
Aurangabad,19.877263,75.3390241
Ausa,18.2510243,76.500958
Avallapalli(Uzhavar Sandhai ),,
Awagarh,27.4440366,78.4857649
Azamgarh,26.023639,83.0293105
Babain,30.0874951,76.9902689
Babra,21.8485451,71.3036656
Bachranwa,,
Badayoun,,
Badda,23.7817271,90.4164237
Badnagar,23.1351955,77.1256406
Badnawar,23.0231263,75.2065
Badwah(F&V),,
Badwaha,25.0941883,79.7003174
Badwani(F&V),,
Bagalakot,,
Bagalkot(Bilagi),,
Bagepalli,13.7834423,77.7960577
Baghmara,23.789329,86.2041444
Bagpat,23.4305284,69.2124939
Bahadurganj,26.2702242,87.8372763
Bahadurgarh,28.6609648,76.8346765
Bahadurpur (Ekmi Ghat),,
Balachaur,31.0634777,76.2959789
Balarampur,23.1145293,86.2257596
Balarampuram,17.3944114,82.3815278
Ballabhgarh,28.340002,77.3164509
Balliah,,
Balotra,25.8300564,72.2470946
Balrampur,27.4476988,82.3956245
Balurghat,25.2234352,88.7780654
Bampada,21.5082981,86.8772034
Banga,22.9964948,87.6855882
Banki,20.3924025,85.605338
Bankura Sadar,,
Banthara,26.694679,80.8337445
Banur,30.5558556,76.7172678
Banur (Kheragaju),,
Barad,31.4290029,77.4115144
Barahat,24.8869232,87.0296449
Baramati,18.2198537,74.4534054
Baran,24.9208165,76.6821985
Barari,25.4559074,87.4285491
Barasat,22.7191072,88.4826229
Barbigha,25.2069651,85.7714707
Bareli(F&V),,
Barhaj,26.2964543,83.7568964
Barikpur,20.9903422,86.4187198
Baripada,21.9342456,86.7308825
Barisadri,24.8885729,74.6259598
Bariwala,30.5377208,74.6534299
Barmer,25.5814853,71.1924922
Barpathari,23.297425,91.404781
Barshi,18.2341108,75.6875109
Barsoi,25.6206132,87.9744235
Bassi,24.2402328,73.3772464
Batote,33.1227262,75.3210211
Baxirhat,,
Bayana,26.9059419,77.2924498
Bazpur,29.1580489,79.1467418
Beawar,26.0992137,74.3127044
Begusarai,25.5125411,86.0883392
Belacoba,26.5796846,88.5975648
Bellary,15.1430224,76.9173277
Belur,13.1645671,75.8634851
Benipatti,26.4434731,85.9104806
Berachha,25.7649253,78.7322489
Bettiah,26.7910727,84.5601068
Betul,21.8797472,77.8753651
Betul(F&V),,
Bewar,27.2183955,79.2971696
Bhadara,21.1225869,79.794509
Bhadrak,20.9854052,86.5934226
Bhadravathi,13.8502075,75.7037863
Bhagalpur,25.2861354,87.1304229
Bhagta Bhai Ka,30.4834552,75.0959277
Bhagwanpur Mandi,,
Bhagwanpur(Naveen Mandi Sthal),,
Bhagyoday Cotton and Agri Market,,
Bhanpura,23.7019249,80.4087748
Bharatpur,27.0246959,77.2920116
Bharuasumerpur,,
Bharuch,21.7080427,72.9956936
Bharwari,25.5615617,81.4899572
Bhawanigarh,30.2623648,76.041332
Bhawanipatna,19.9104952,83.1678321
Bhawanipur,25.6162208,87.1967528
Bhilwara,25.4891177,74.3300726
Bhinga,27.7716681,81.9013135
Bhinmal,25.0071053,72.2653077
Bhogpur,31.5536751,75.6419145
Bhopal,23.2584857,77.401989
Bhuj,23.2472446,69.668339
Bhulath,31.5557554,75.4883828
Bhuna,29.523168,75.6883422
Bhusaval,21.0472554,75.7880594
Biaora,23.1892675,75.9227749
Bihariganj,25.7409878,86.9757854
Biharsharif,25.2038319,85.524134
Bihta,25.561037,84.8723411
Bikaner (F&V),12.9660186,77.6043086
Bilga,30.8107439,75.9846488
Bilga (Talwan ),,
Bilimora,20.7671693,72.9693451
Billsadda,,
Biraul,25.9565302,86.1801131
Birpur,25.5267972,86.0949904
Bishalgarh,23.6605579,91.2892827
Bishenpur,24.6267287,93.7600454
Bishramganj,23.5984072,91.3591951
Bodinayakanur(Uzhavar Sandhai ),,
Bodinayakkanur,10.0190463,77.3460527
Bohorihat,,
Bonai,,
Bongiagaon,,
Borsad(Veg Yard Barsad),,
Boudh,20.6407463,83.9969704
Brahmpur,25.8826239,86.2466669
Broadway market,12.9885298,77.6027857
Buland Shahr,,
Bumhama-Kupwara (F&V),,
Burhanpur(F&V),,
Buxur,,
Cachar,24.75864,92.8816648
Car Nicobar,9.187057,92.7730136
Chail Chowk,,
Chakia,26.4704098,84.9933237
Chalakudy,10.3041869,76.3371037
Chalisgaon,20.5023656,74.96557
Challakere,14.3167885,76.6521533
Chamaraj Nagar,,
Champadanga,22.8388873,87.9714778
Champaknagar,23.8042948,91.4891292
Chandabali,20.8287719,86.7477946
Chandausi,28.449104,78.7828513
Chandigarh(Grain/Fruit),,
Chandoli,27.7025563,76.5814555
Chandrapur,20.0967555,79.5045475
Chandvad,20.3278147,74.2387228
Channarayapatna,13.2455918,77.797084
Charkhari,25.4149429,79.7494938
Charra,24.2406249,79.9175297
Chathanoor,8.8584221,76.7220341
Cheeka,30.048095,76.3338623
Chelakkara,10.6942894,76.3395838
Chengalpattu,12.6840886,79.9836371
Chengalpet(Uzhavar Sandhai ),,
Chengam,12.3502311,78.8767964
Chengam(Uzhavar Sandhai ),,
Cherthala,9.6912036,76.3257168
Cheyyar,12.6563891,79.5404577
Cheyyar(Uzhavar Sandhai ),,
Chhapra,25.7784105,84.7514507
Chhatarpur,24.7606089,79.6781776
Chhindwara(F&V),,
Chickkaballapura,,
Chidambaram,11.3920706,79.703025
Chidambaram(Uzhavar Sandhai ),,
Chikali,24.6436231,75.0990315
Chindwara(F&V),,
Chinnalapatti(Uzhavar Sandhai ),,
Chinnamanur,9.8415861,77.3849422
Chinnamanur(Uzhavar Sandhai ),,
Chintamani,13.3986587,78.0533058
Chirgaon,31.285987,77.9003397
Chokkikulam(Uzhavar Sandhai ),,
Chomu (F&V),,
Chuliaposi,,
Churu,28.2047781,74.6912996
Coochbehar,26.340623,89.4812163
Coonoor(Uzhavar Sandhai ),,
Cuddalore,11.520207,79.3396356
Cuddalore(Uzhavar Sandhai ),,
Cumbum,9.7394057,77.2853013
Dablirathan,29.544158,74.190866
Dabwali,29.8327537,74.6367292
Dadengiri,25.7616516,90.2201182
Dadri,28.5387298,77.5372191
Daloda,23.9559753,75.1041283
Danapur,25.6358901,85.0474045
Dankaur,28.3501722,77.5533115
Darbhanga,26.0829899,86.0324951
Darjeeling,27.0377554,88.263176
Dasda,23.9181689,92.203005
Daunagar,,
Dehri,24.9258862,84.1728723
Denkanikottai,12.527088,77.792623
Denkanikottai(Uzhavar Sandhai ),,
Deori,24.5072214,86.1404026
Devakottai,9.8960897,78.8066602
Devakottai (Uzhavar Sandhai ),,
Devarakadra,16.6198982,77.8424403
Devaram(Uzhavar Sandhai ),,
Devri(F&V),,
Dhamnod,23.4363145,74.9702228
Dhamnod(F&V),,
Dhamtari,20.5326259,81.7155987
Dhanaura,28.934788,78.2141937
Dhar,22.5786572,75.2258637
Dhar(F&V),33.1854313,75.5695653
Dharampur,30.9004365,77.0247842
Dharampuri,22.736892,74.6107036
Dharamshala,32.2143039,76.3196717
Dharapuram,10.7369082,77.5260968
Dharapuram(Uzhavar Sandhai ),,
Dharashiv,18.169844,76.1179632
Dhari,21.3280712,71.0262213
Dhari(Chalala),,
Dhariwal,31.952066,75.3217361
Dharmapuri(Uzhavar Sandhai ),,
Dharsul,,
Dharwar,15.4540505,75.0066516
Dhekiajuli,26.7301754,92.4785068
Dholka(Koth),,
Dhoraji,21.7220402,70.4443401
Dhupguri,26.5889048,89.0069721
Digapahandi,19.3345967,84.5805408
Diglipur,13.2277143,92.9394925
Dindigul,10.4256897,77.815664
Dindigul(Uzhavar Sandhai ),,
Dindori,22.9070871,80.8846924
Dinhata,26.1279625,89.4631456
Doddaballa Pur,,
Doharighat,26.0489048,83.1779652
Doraha,30.7988727,76.0372906
Dound,,
Dudhansadhan,,
Dudhi,24.1148157,83.014122
Dumarao,,
Dungarpur,23.8538893,73.7087177
Durg,21.1982964,81.4007922
Edapadi (Uzhavar Sandhai ),,
Edappadi,11.5838413,77.8347612
Egra/contai,,
Elampillai(Uzhavar Sandhai ),,
Ellanabad,,
English Bazar,25.0057449,88.1398483
Erragadda(Rythu Bazar),,
Etah,27.5550357,78.5992221
F.G.Churian,,
Falakata,26.6007184,89.1280874
Faridkot,30.6014507,74.7950176
Fazilka (Ladhuka),,
FerozpurZirkha(Nagina),,
Firozabad,27.1941954,78.4604956
Firozepur City,,
Forbesganj,26.2783606,87.2987565
Fulmbri,,
Gadarwada,,
Gadaura,,
Gadhwah,,
Gandacharra,,
Gandarvakottai(Uzhavar Sandhai ),,
Gangapur,22.7856874,88.5389563
Gangapur City,26.4681809,76.7266811
Gangarampur(Dakshin Dinajpur),25.4070884,88.516124
Garbeta(Medinipur),22.8582176,87.3533722
Garh Shankar,,
GarhShankar (Kotfatuhi),,
Garhakota,23.7789981,79.1530257
Garjee,23.430471,91.4967565
Garobadha,25.5780383,90.023199
Garoth,24.331508,75.5815798
Gautampura,23.3120423,74.6209272
Gehri,30.7286556,77.9676839
"Gerabari, Korha Block",,
Ghanaur,30.3312684,76.6120004
Ghatal,22.6823015,87.699166
Gingee,12.2544154,79.4157756
Gingee(Uzhavar Sandhai ),,
Gobichettipalayam,11.4551821,77.4350666
Gobichettipalayam(Uzhavar Sandhai ),,
Godabhaga,21.4188842,83.8349318
Godhra,22.7785001,73.6245157
Golaghat,26.5108262,93.9743686
Golagokarnath,,
Goluwala,29.6298104,74.0531576
Goniana,30.3391089,74.9326911
Gopa,18.9812986,76.8319201
Gopalganj,26.4211166,84.3739133
Gopiganj,25.2844591,82.4326002
Goraya,31.1208324,75.7787046
Gosala,16.4421646,80.741528
Gowribidanoor,,
Gubbi,13.3095743,76.9400698
Gudalur(Uzhavar Sandhai ),,
Gudimalkapur,17.3879203,78.4371165
Gudiyatham,12.9485676,78.8705336
Gudiyatham(Uzhavar Sandhai ),,
Guduvancheri(Uzhavar Sandhai ),,
Gulabbagh,,
Gumla,23.1603759,84.4599565
Guna,24.5001772,77.2600959
Guna(F&V),,
Gundlupet,11.808496,76.6916141
Gunpur,26.7111328,78.0571317
Haatpipliya,,
Habra,22.8400629,88.6630678
Hailakandi,24.6846916,92.5645836
Hajipur,25.6905702,85.2090351
Halahali,24.1049237,91.8256187
Haldwani,29.2144809,79.5279012
Hanmarkonda(Rythu Bazar),,
Hansi,29.1352917,75.9764756
Hanumana(F&V),,
Hanumangarh,29.3659533,74.298429
Hanumangarh Town,29.5744086,74.3312387
Hanumangarh(Urlivas),,
Hapur,28.7166767,77.890433
Harda(F&V),,
Hargaon (Laharpur),,
Harnaut,25.3716815,85.5406184
Harur(Uzhavar Sandhai ),,
Hasanpur,28.7227817,78.2826224
Hassan,13.0301852,76.1744968
Hasthampatti(Uzhavar Sandhai ),,
Haveri,14.7180267,75.3656423
Hindol,20.6381058,85.2128553
Hindoun,,
Hingna,21.0751769,78.9683723
Hissar,29.1155934,75.1835578
Hodal,27.8999168,77.3739284
Holalkere,14.0428326,76.1844875
Holenarsipura,12.7852158,76.2431266
Hoshangabad,22.7545538,77.7198249
Hoshangabad(F&V),,
Hoshiarpur,31.6092942,75.8459754
Hosur,12.7183361,77.8229481
Hosur(Uzhavar Sandhai ),,
Humanabad,17.7715078,77.1393693
Hunsur,12.3035086,76.2928095
Hyderabad (F&V),,
Ichhawar,23.0337159,77.0252424
Ichhawar(F&V),,
Imphal,24.7991162,93.9364419
Indore,22.7203616,75.8681996
Indri,29.8920574,77.0910015
Islampur,26.2563651,88.1860517
Itarsi,22.6122527,77.7782601
Itarsi(F&V),,
Jabalpur(F&V),,
Jahajharpur,,
Jahanabad,23.5062275,76.4686206
Jahangirabad,28.4033531,78.1049538
Jainagar,26.5882487,86.1402809
Jainath,19.6961374,78.6676891
Jaipur (F&V),,
"Jaitipir Mandi, Lalganj block",,
Jaitsar,29.3488844,73.6591072
Jaitu,30.469224,74.8919685
Jakhal,29.8019302,75.8223255
Jalagandapuram(Uzhavar Sandhai ),,
Jalalabad,29.5967449,78.3158684
Jalana,29.1233432,76.4028074
Jalaun,26.1048633,79.3919136
Jalgaon,20.8428826,75.5261246
Jalpaiguri Sadar,26.5153792,88.7297313
Jalukie,25.6193169,93.7283816
Jamakhandi,16.503896,75.2910386
Jamanian,,
Jameenrayapettai(Uzhavar Sandhai ),,
Jamkhed,18.6687506,75.3523878
Jamshedpur,22.8015194,86.2029579
Jamui,24.7562513,86.3011128
Janata Agri Market (DLS Agro Infrastructure Pvt Lt,,
Jaora,23.6379392,75.1281756
Jaspur(UC),,
Jasra,21.3494781,83.3461661
Jasvantnagar,,
Javad,12.6215852,78.8610515
Jayamkondam,11.0221647,78.5274839
Jehanabad,25.1529578,85.0065043
Jetpur(Dist.Rajkot),,
Jeyankondam (Uzhavar Sandhai ),,
Jeypore,18.8812875,82.552768
Jeypore(Kotpad),,
Jhajjar,28.5964461,76.6505366
Jhalod,23.1006273,74.1560018
Jhansi,25.529855,78.6527802
Jhijhank,,
Jhumpura,21.8880424,85.5860606
Jhunjhunu,28.0810679,75.3792478
Jogindernagar,31.9901487,76.7929928
Jogipet,17.8659936,79.8773217
Jorhat,26.7577925,94.2079645
Jowai,25.4434703,92.1973181
Jumpuijala,,
Junagarh,19.8137068,82.946796
Junnar,19.2094471,73.8771937
Junnar(Alephata),,
Junnar(Narayangaon),19.1226814,73.9706925
Junnar(Otur),19.2623731,73.9841887
Jwalaji,34.0215865,74.9947475
K.R. Pet,14.4548128,79.9867451
K.R.Nagar,17.3393183,78.4836057
KKNagar(Uzhavar Sandhai ),,
Kada,24.4961899,73.3909467
Kadamtala,24.443968,92.2072581
Kadur,11.26105,79.10351
Kahalgaon,25.2651895,87.2835414
Kahithapattarai(Uzhavar Sandhai ),,
Kaimur,24.975466,83.5768379
Kairana,29.394447,77.2052786
Kaithal,29.7996588,76.3989903
Kakching Market,,
Kalahandi(Dharamagarh),,
Kalanaur,28.7968343,76.4581618
Kalapipal,23.3330597,76.8350124
Kalapipal(F&V),,
Kalburgi,17.3310003,76.8334228
Kalipur,22.390025,88.3767343
Kallakurichi,11.7946847,79.0388211
Kallakurichi(Uzhavar Sandhai ),,
Kalna,23.2211183,88.3591889
Kalsi,30.5849186,77.8828121
Kalwakurthy,16.6721316,78.4880729
Kalyan,19.2396742,73.1366482
Kalyanpur,22.343456,88.414597
Kamakhyanagar,20.9329215,85.5416343
Kambam(Uzhavar Sandhai ),,
Kamlaganj,,
Kamthi,21.9597246,78.828772
Kamuthi(Uzhavar Sandhai ),,
Kanchanpur,23.2633843,81.4553742
Kancheepuram(Uzhavar Sandhai ),,
Kanchipuram,12.9647163,79.9839686
Kandhamal,20.1306939,84.0790476
Kandiyaperi(Uzhavar Sandhai ),,
Kangayam(Uzhavar Sandhai ),,
Kangeyam,10.9902542,77.6282496
Kangra(Baijnath),32.0525381,76.6348774
Kangra(Jaisinghpur),32.055815,76.5679714
Kangra(Jassour),,
Kangra(Nagrota Bagwan),32.1108312,76.4166492
Kantabaji,,
Kapadvanj,23.0232402,73.0727531
Kapurthala,31.3856476,75.3053304
Karaikudi,10.0728444,78.7795194
Karaikudi(Uzhavar Sandhai ),,
Karamadai,11.2393183,76.9600768
Karambakkudi(Uzhavar Sandhai ),,
Karera(F&V),,
Karimganj,24.5828195,92.3725486
Karimpur,23.9816034,88.6296098
Kariyapatti(Uzhavar Sandhai ),,
Karjat,18.9127655,73.3228202
Karjat(Raigad),18.9085762,73.3211364
Karmala,18.321381,75.1168773
Karur,10.8217671,78.3828654
Karur(Uzhavar Sandhai ),,
Kasganj,27.7888527,78.8229701
Kashipur,29.2117573,78.9617306
Kasinagar,22.4428902,88.5313169
Kasipur,15.8635171,78.10112
Kaswa,18.323469,78.338386
Kathua,32.3765524,75.5243044
Katihar,25.5586421,87.6457196
Katni,23.7176393,80.2610181
Katni(F&V),,
Katpadi (Uzhavar Sandhai ),,
Katpadi(Uzhavar Santhai),,
Kattappana,9.7561717,77.1140611
Kaveripattinam(Uzhavar Sandhai ),,
Keelpennathur(Uzhavar Sandhai ),,
Kekri,25.9933039,74.9849863
Keonjhar,21.5,85.5
Keonjhar(Dhekikote),,
Khaga,25.7196316,81.1058945
Khairthal,27.7978292,76.6417499
Khamano,30.8222288,76.3594199
Khammam,17.2465351,80.1500326
Khandwa,21.8203752,76.3555424
Khanina,,
Khargone,21.9544729,75.7521248
Kharupetia,26.5174808,92.1469174
Khateema,,
Khed(Chakan),18.7398972,73.8325404
Khekda,,
Khunthabandha,,
Khurai(F&V),,
Khurja,28.2062807,77.8764368
Kicchha,,
Kishanganj,26.2984144,87.9466715
Kishunpur,23.420191,85.3871289
Kochas (Balthari),,
Kodaikkanal(Uzhavar Sandhai ),,
Koderma,24.4931239,85.5560811
Koduvayoor,11.0917987,75.9545385
Kolar,13.1805066,78.2669329
Kolaras(F&V),,
Kollegal,12.1560966,77.1071726
Kollengode,10.6125448,76.6973878
Kopargaon,19.8370037,74.4829123
Koppal,15.5748238,76.3118494
Kosli,28.3921086,76.4501216
Kota (F&V),32.7402868,75.6286636
Kotadwara,,
Kothagiri(Uzhavar Sandhai ),,
Kothamangalam,10.1332803,76.7361221
Kotkapura,30.5842864,74.8089127
Kotputli,27.707172,76.1996447
Kovilpatti,9.17559,77.8687
Kovilpatti(Uzhavar Sandhai ),,
Krishnagiri,12.5152075,78.0093769
Krishnagiri(Uzhavar Sandhai ),,
Kuchinda,21.7477388,84.3506401
Kukatpally(Rythu Bazar),,
"Kukatpally,RBZ",,
Kukshi,22.2124514,74.7598806
Kukshi(F&V),,
Kulgam,33.6446899,75.0188432
Kulithalai(Uzhavar Sandhai ),,
Kullu(Chauri Bihal),,
Kumarapalayam(Uzhavar Sandhai ),,
Kumbakonam,10.9604108,79.3820861
Kumbakonam (Uzhavar Sandhai ),,
Kundrathur(Uzhavar Sandhai ),,
Kurali,21.4446705,78.2988591
Kurara,25.9802343,79.9903952
Kurawar,23.5097199,77.0057794
Kurdwadi,,
Kurdwadi(Modnimb),,
Kurichi(Uzhavar Sandhai ),,
Kurnool,15.8309251,78.0425373
Kushtoli,,
L B Nagar,17.3498286,78.5479138
Lakhisarai,25.1543938,86.1744959
Lakshar,,
Lalganj,25.9929388,81.6604115
Lalgudi,10.8754197,78.8153244
Lalgudi(Uzhavar Sandhai ),,
Lamlong Bazaar,,
Lanka,25.9133105,93.0256679
Lasalgaon(Vinchur),,
Lashkar,13.9293814,75.5788987
Lashkar(F&V),,
Lasur Station,19.9263446,75.0118617
Laxettipet,,
Laxmi Sopan Agriculture Produce Marketing Co Ltd,,
Lediyari,,
Lehra Gaga,29.9381957,75.8102026
Lohardaga,23.4770044,84.6986684
Loharu,28.5666317,75.7378287
Lohian Khas,31.1654311,75.1964924
Ludhiana,30.9090157,75.851601
Madanganj Kishangarh,,
Madhavapuram,17.1244002,82.2812704
Madhuban,24.0060818,86.1490232
Madhubani,26.3503076,86.2296424
Madhugiri,13.6601789,77.2140882
Madhuranthagam(Uzhavar Sandhai ),,
Madlauda,29.4022237,76.8032637
Madnoor,18.5021779,77.6251363
Mahabubnagar(Rythu Bazar),,
Maharjganj,,
Mahboob Manison,,
Mahbubnagar,16.7434538,77.9923191
Mahidpur,24.7630436,77.7075862
Mahidpur(F&V),,
Maigalganj,27.7175858,80.3437067
Maihar(F&V),,
Mailaduthurai,,
Malharshree Farmers Producer Co Ltd,,
Malkanagiri,,
Malkangiri(Korakunda),,
Malkapur,20.891958,76.2040353
Malthone,24.3087999,78.5370215
Malur,21.5965497,77.1493772
Mamdot(Tibbi Khurd),,
Manachanallur,10.9114112,78.699836
Manachanallur(Uzhavar Sandhai ),,
Manapparai,10.6082305,78.4231246
Manapparai(Uzhavar Sandhai ),,
Manawar,21.8111264,75.5479447
Manawar(F&V),,
Manchar,21.7706223,75.6467631
Mandi(Mandi),31.7076105,76.9297098
Mandi(Takoli),,
Mandya,12.6368939,76.7275477
Mangalore,12.8698101,74.8430082
Mangkolemba,26.4351671,94.4114415
Manglaur,29.7921496,77.8760645
Manjhanpur,25.3998237,81.3318723
Mankamneshwar Farmar Producer CoLtd Sanchalit Mank,,
Mannar,9.3174015,76.5338634
Mannargudi,10.675141,79.4553714
Mannargudi I(Uzhavar Sandhai ),,
Mannargudi II(Uzhavar Sandhai ),,
Mannarkudi,11.3940747,79.6912896
Mansa,29.8764133,75.4889564
Mansi Mandi,,
Manubazar,23.0668626,91.6445223
Masmara,,
Maudaha,25.7065665,80.0434571
Maur,30.0661125,75.2298534
Mauranipur,25.2964858,79.1171152
Mayiladuthurai(Uzhavar Sandhai ),,
Medavakkam(Uzhavar Sandhai ),,
Medinipur(West),22.2788943,87.9222786
Mehar,23.9873061,78.6617273
Mehatpur,24.0736847,76.0886899
Mehmoodabad,,
Mehndipatnam(Rythu Bazar),,
Mehta,22.6299561,79.8565539
Mekhliganj,26.3451783,88.9078861
Melaghar,23.4947164,91.3300645
Melapalayam(Uzhavar Sandhai ),,
Melur,10.0858443,78.3560235
Melur(Uzhavar Sandhai ),,
Mettupalayam(Uzhavar Sandhai ),,
Mettur(Uzhavar Sandhai ),,
Mhow,22.5586725,75.7686558
Mhow(F&V),,
Milak,28.6802589,79.1721862
Miryalguda(Rythu Bazar),,
Mohamadabad,,
Mohammdi,27.9238755,80.1638994
Mohana,19.4212481,84.276049
Mohanur(Uzhavar Sandhai ),,
Mokama,25.3958052,85.9220644
Mokokchung Town,26.3238761,94.5214104
Moovattupuzha,9.83689,76.391789
Morena,26.3849794,77.8612721
Morena(F&V),,
Morshi,21.3416664,78.0140337
Moth,25.7779967,78.9253888
Motihari,26.6506888,84.9114654
Moynaguri,,
Mugrabaadshahpur,,
Mukerian,31.94205,75.6121906
Mukhiguda,19.4410503,82.8531521
Muktsar,30.4692,74.5182
Mulabagilu,13.1626004,78.3958998
Mullana,30.2750178,77.0483955
Multai,21.7828449,78.263508
Multai(F&V),,
Mumbai,19.054999,72.8692035
Mundra,22.8393153,69.7249477
Munghair,,
Muradnagar,28.7733808,77.5033582
Murbad,19.257118,73.3907493
Murliganj,25.8764452,86.936934
Musiri(Uzhavar Sandhai ),,
Muskara,23.1769798,76.933972
Muthupettai(Uzhavar Sandhai ),,
Muzaffarpur,26.1482548,85.3316097
Myladi(Uzhavar Sandhai ),,
NGO Colony(Uzhavar Sandhai ),,
Nadiad,22.6895535,72.8713603
Nadwai,,
Nagamangala,12.8196077,76.7542189
Nagapattinam,10.6026202,79.7619348
Nagapattinam(Uzhavar Sandhai ),,
Nagour(FV),,
Nahan,30.5601803,77.2923596
Nakodar,31.111861,75.4765718
Nalkehda,,
Namagiripettai,11.4556307,78.2681465
Namakkal,11.3033889,78.118604
Namakkal(Uzhavar Sandhai ),,
Namhol(Bilaspur),31.2849567,76.7829197
Nampur,20.7295457,74.3109024
Nanakmatta,28.9463979,79.8134335
Nandgaon,20.3094018,74.6597622
Nandura,20.8385687,76.4603069
Nandurbar,21.5141622,74.5405513
Nanganallur(Uzhavar Sandhai ),,
Nanjangud,12.1220681,76.6843409
Naravarikuppam(Uzhavar Sandhai ),,
Narayanpur,19.5842032,81.1136986
Narkatiaganj,27.0968881,84.4585344
Narsinghgarh,23.709099,77.088747
Natrampalli(Uzhavar Sandhai ),,
Naugachiya,25.3857731,87.0997616
Naugarh,27.2751558,83.0882093
Nautnava,,
Navapur,21.1666239,73.7725174
Navsari,20.952407,72.9323831
Nawada,24.8173249,85.5179085
Nawalgarh,27.8503,75.2741
Nawan Shahar(MandiRaho),,
Nawarangpur,,
Nedumkandam,9.8412988,77.1530497
Needamangalam(Uzhavar Sandhai ),,
Neeleswaram,12.1650125,75.1609474
"New Grain Market , Faridabad",,
"New Grain Market , Panchkula",,
"New Grain Market(main), Karnal",,
New Market Aizawl,23.7344284,92.718971
Nihal Singh Wala,30.5896671,75.2805144
Nilokheri,29.8321793,76.8390988
Nimapara,20.0668733,85.990804
Nimbahera,24.6236769,74.6946014
Nira,18.0450325,74.6421969
Nissing,29.691133,76.7606231
Nizamabad,18.6732693,78.0978477
Nohar,29.1922355,74.7743423
Noida,28.5706333,77.3272147
Nokha,27.5552713,73.4755961
Nongpoh (R-Bhoi),25.8989839,91.8812907
Nongstoin,25.5726394,91.2540803
Noor Mehal,31.1278047,75.4746463
North Paravur,10.1484083,76.2249185
Nowpora,33.7943109,74.9167735
Nuh,27.9935177,77.0419634
Nuiland,,
Om Chaitanya Multistate Agro Purpose CoOp Society,,
Pabiacherra,,
Pachaur,24.133683,82.3769047
Padampur,29.7093806,73.62449
Padappai(Uzhavar Sandhai ),,
Paithan,19.4733594,75.3868103
Pakur,24.5325908,87.593232
Palacode(Uzhavar Sandhai ),,
Palakode,12.0360966,75.2184976
Palampur,32.1095492,76.5359534
Palanganatham(Uzhavar Sandhai ),,
Palani,10.4511094,77.5154495
Palani(Uzhavar Sandhai ),,
Palayamkottai(Uzhavar Sandhai ),,
Pali,25.455221,73.419389
Palitana,21.5236104,71.8219597
Palladam,10.9708115,77.2817262
Palladam(Uzhavar Sandhai ),,
Pallahara,21.4335787,85.1923501
Pallavaram(Uzhavar Sandhai ),,
Palus,17.0449956,74.4365833
Palwal,28.0599426,77.3223422
Pamohi(Garchuk),26.1028131,91.6852212
Panchpedwa,,
Pandhana(F&V),,
Pandharpur,17.7255921,75.3001936
Pandkital,,
Pandua,23.0751399,88.2828926
Panipat,29.3912753,76.9771675
Panisagar,24.2954598,92.1531654
Panposh,22.2285985,84.8053233
Panruti,11.7722823,79.5518978
Panruti(Uzhavar Sandhai ),,
Panvel,18.9910971,73.1205846
Papanasam,10.9269845,79.2659271
Papanasam(Uzhavar Sandhai ),,
Paramakudi,9.4867151,78.6722718
Paramakudi(Uzhavar Sandhai ),,
Paramathivelur(Uzhavar Sandhai ),,
Paranda,20.610412,77.1201182
Parassala,8.3428993,77.1547766
Parikshitgarh,28.97107,77.932802
Parlakhemundi,18.785724,84.0816192
Parner,19.0931856,74.3940633
"Parsoniya Mandi, Mahua block",,
Paruthipattu(Uzhavar Sandhai ),,
"Patan(Veg,Yard Patan)",,
Pataudi,28.3014799,76.7500701
Pathardi,19.1717199,75.174557
Patna (Musallahpur),,
Patran,29.9554252,76.0516968
Pattikonda,15.3954238,77.5014036
Pattukottai,12.9806514,80.2422657
Pattukottai(Uzhavar Sandhai ),,
Pavagada,14.1054491,77.2750475
Payagpur,27.3990446,81.7925593
Pehowa,29.9988844,76.5582773
Pen,18.735385,73.0868161
Pennagaram,12.1125277,77.8677247
Pennagaram(Uzhavar Sandhai ),,
Perambakkam(Uzhavar Sandhai ),,
Perambalur(Uzhavar Sandhai ),,
Perinthalmanna,10.990946,76.2299237
Periyakulam(Uzhavar Sandhai ),,
Perundurai,11.2539029,77.6288316
Perundurai(Uzhavar Sandhai ),,
"Petlad(Veg Yard, Petlad)",,
Petlawad,23.0209586,74.8071354
Petlawad(F&V),,
Phaltan,17.9579342,74.4142354
Phillaur,31.018294,75.7839116
Pipariya,22.7543115,78.3558763
Pipariya(F&V),,
Pipli,23.3853059,76.8656642
Piplya,24.2240391,75.2684218
Piravam,9.8290255,76.4555856
Piro,25.3383191,84.3540878
Pollachi,10.6588234,77.00873
Pollachi(Uzhavar Sandhai ),,
Polur(Thiruvannamalai),,
Polur(Uzhavar Sandhai ),,
Porbandar,21.6409,69.611
Porsa,26.6831456,78.3880545
Porsa(F&V),,
Port Blair,11.6645348,92.7390448
Pothencode,8.6184233,76.8976931
Pratap Nana Mahale Khajgi Bajar Samiti,,
Premium Krushi Utpanna Bazar,,
Pudukottai,10.3826515,78.8191259
Pudukottai(Uzhavar Sandhai ),,
Pukharayan,,
Pulwama (F&V),33.8756947,74.9003129
Punalur,9.0174612,76.9264764
Pundibari,26.4131624,89.3940622
Pundri,29.7607616,76.5590514
Pune(Khadiki),,
Pune(Manjri),,
Pune(Moshi),18.6879806,73.8343544
Pune(Pimpri),18.6491829,73.7657683
Punhana,27.8637502,77.2051612
Purulia,23.2020967,86.3228988
Purwa,26.4863403,80.8367138
Puttur,12.7632858,75.2018421
Quilandy,11.461598,75.7020521
RSPuram(Uzhavar Sandhai ),,
Rahata,19.7170595,74.4799561
Rahuri,19.4031555,74.6105605
Raibareilly,,
Raiganj,25.6271966,88.1317967
Raigarh,22.2361795,83.3529534
Raipur Rai,31.2754674,74.8985189
Raisen,23.2675909,78.1727134
Rajapalayam(Uzhavar Sandhai ),,
Rajauli,24.6342632,85.5609498
Rajaun,25.0291504,87.0030494
Rajgarh(F&V),33.2018874,75.3596789
Rajnandgaon,21.0684424,80.7970779
Rajouri (F&V),33.3772495,74.3132332
Rajsamand,25.2892459,73.8241077
"Ramakrisnapuram,RBZ",,
Ramanagara,12.720006,77.3184199
Ramanathapuram(Uzhavar Sandhai ),,
Ramanathapuram(phase 3),9.3652354,78.8343193
Rampuraphul(Nabha Mandi),,
Rampurhat,24.1763069,87.7859569
Ramtek,21.3957522,79.3257474
Ranebennur,14.6165795,75.6341529
Rania,29.5696836,74.7337535
Rania(Jiwan nagar),,
Raniganj,23.6030452,87.1193786
Ranipettai(Uzhavar Sandhai ),,
Rasda,24.8748152,80.9996118
Rasipuram,11.4537338,78.1784576
Rasipuram(Uzhavar Sandhai ),,
Ratia,29.6930173,75.5183068
Ratlam,23.50222,74.9551534
Ratlam(F&V),,
Ratnagiri (Nachane),16.9959862,73.3348468
Rawatsar,29.2631,74.4016
Raxaul,26.9868738,84.8447219
Rayagada,19.4426698,83.5873053
Rayagada(Muniguda),,
Reasi,33.0691032,74.8378698
Rehli,22.918099,79.1370619
Rehli(F&V),,
Rewa(F&V),,
Rohroo,,
Rohtak,28.9010899,76.5801935
Rongram,25.6397274,90.2482656
Rudauli,26.7266489,81.7113871
Rudrapur,28.9707183,79.3972845
Rura,26.0319818,78.6533967
Sabalgarh,26.2485682,77.4097285
Sabalgarh(F&V),,
Sadasivpet,17.6211902,77.9503264
Sadulshahar,29.9030191,74.1721767
Safidon,29.378315,76.627283
Sagar,23.8083076,78.758254
Sagar(F&V),13.9350895,75.5617328
Saharpada,,
Saharsa,25.8330757,86.6143751
Sahaspur,29.1211913,78.6208906
Sahidngar,,
Sahnewal,30.8402061,75.983601
Saidpurhat,,
Sailana(F&V),,
Sainthia,23.9496876,87.6829354
Sakri,23.1077961,79.7917819
Salon,26.088815,81.4533741
Samalkha,29.230736,77.0019919
Samana,24.5446336,80.2447314
Samastipur,25.7747884,85.8672314
Samba,32.5759118,75.1203446
Sambhal,28.4271927,78.5564546
Sampath Nagar(Uzhavar Sandhai ),,
Sanawad,22.1777783,76.0737911
Sanawad(F&V),,
Sanchore,25.0098619,71.8514308
Sandi,27.2894559,79.9529044
Sandila,27.1254438,80.5414908
Sangamner,19.4906351,74.2466821
Sangarapuram,9.8508337,77.3654289
Sangriya,18.5643662,73.7750288
Sankarankoil(Uzhavar Sandhai ),,
Sankarankovil,9.170073,77.535369
Sankarapuram(Uzhavar Sandhai ),,
Santoshgarah,,
Santoshgarh,,
Sanwer(F&V),,
Sarangpur,23.116628,81.4585459
Saraskana,22.2440445,86.5892333
Sasaram,24.9509656,84.0148733
Sasthamkotta,9.0314647,76.6009828
Satara,17.6361289,74.2982781
Sathiyamagalam(Uzhavar Sandhai ),,
Sathupalli(Rythu Bazar),,
Sathur,12.8665648,79.3249372
Sathur(Uzhavar Sandhai ),,
Sathyamangalam,11.5523741,77.2653758
Satna,24.6954445,80.7770348
Satna(F&V),,
Sawai Madhopur,26.1137182,76.4240637
Sehjanwa,,
Sehore,23.1150041,77.0665356
Sendhwa,21.6926812,75.0978792
Sendhwa(F&V),,
Seoni,22.2748109,79.7202522
Shadabad,,
Shahaswan,,
Shahkot,31.0831064,75.3366711
Shahpur,27.3835175,75.9624195
Shajapur,23.4171001,76.6074794
Shajapur(F&V),,
Shamgarh,24.1920321,75.6429568
Shamgarh(F&V),,
Shamli,29.4811507,77.2901344
Shankarapally,,
Shekhpura,26.166667,84.5
Sheohar,26.4934234,85.2717561
Sheoraphuly,22.7710582,88.3207802
Shikohabad,27.1037645,78.5881058
Shimla,31.1041526,77.1709729
Shimla and Kinnaur(Nerwa),,
Shimla and Kinnaur(Rampur),,
Shimla and Kinnaur(Theog),,
Shimoga,14.0556502,75.2380553
Shirpur,20.4309237,76.1858349
Shirur,18.7610989,74.209529
Shivpuri,25.3741215,77.8278866
Shivpuri(F&V),,
Shivsiddha Govind Producer Company Limited Sanchal,,
Shree Rameshwar Krushi Market,,
Shree Sairaj Krushi Market,,
Shrigonda,18.6763838,74.6709339
Shrigonda(Gogargaon),,
Shrirampur,22.7549951,88.3416672
Shujalpur,23.3805757,76.7232104
Shujalpur(F&V),,
Sibsagar,26.9834936,94.6394226
Siddhpur,23.918279,72.3681846
Siddipet(Rythu Bazar),,
Sikandara,25.5968915,81.9799429
Sikanderabad,,
Sikandraraau,,
Sikar,27.6625058,75.0279905
Silachhari,,
Silapathar,27.5893833,94.7255857
Simdega,22.5904573,84.5464805
Sindagi,16.9194778,76.2350305
Singampunari(Uzhavar Sandhai ),,
Singampuneri,,
Singanallur(Uzhavar Sandhai ),,
Singheswarsthan,,
Singroli,,
Sirali,22.1571274,77.0621102
Sirkali,11.2659039,79.7443269
Sirkali(Uzhavar Sandhai ),,
Sitamarhi,26.5942841,85.500428
Sitamau(F&V),,
Sitmau,,
Sivagangai,9.9650599,78.7204283
Sivagangai (Uzhavar Sandhai ),,
Sivakasi(Uzhavar Sandhai ),,
Sohna,28.3241636,77.0848644
Sojat City,,
Sojat Road,25.861057,73.7542302
Solan(Nalagarh),31.0366123,76.7104255
Somvarpet,12.5971883,75.8466865
Sonepat(Kharkhoda),,
Songadh,21.1702124,73.5622874
Sonkachh(F&V),,
Sonkatch,23.5532478,77.4140024
Sonpur,22.0166669,78.9568335
Sooramangalam(Uzhavar Sandhai ),,
Soyatkalan,,
Soyatkalan(F&V),,
Sri Har Gobindpur,,
Sri Har Gobindpur(Harechowal),,
Srinivasapur,16.339774,78.0632794
Srirampur,22.7549951,88.3416672
Srivilliputhur(Uzhavar Sandhai ),,
Sujangarh,27.709355,74.4642899
Sultanpurchilkana,,
Sulur,10.9890536,77.1014971
Sulur(Uzhavar Sandhai ),,
Sumerpur,25.1538056,73.0816488
Sundarapuram(Uzhavar Sandhai ),,
Sunguvarchatram(Uzhavar Sandhai ),,
Supaul,26.2768089,86.7959614
Super Market Lungli (Bara Bazar),,
Suragana,,
Surajgarh,28.297926,75.7311124
Suratgarh,29.3203309,73.9026728
Surjyagarha,,
Syopurkalan(F&V),,
T. Narasipura,12.2134628,76.9027763
Taal,26.2964187,83.086137
Tadepalligudem,16.8102437,81.526592
Tajpur,25.8594772,85.6613318
Talcher,20.9322302,85.2005822
Taleja,,
Taliparamba,12.0994756,75.4705736
Talwandi Bhai,30.8582701,74.9300835
Tamarainagar(Uzhavar Sandhai ),,
Tamluk (Medinipur E),22.2896984,87.9255933
Tanakpur,29.0673789,80.1094626
Tanda(Rampur),29.2104491,79.5244869
Tapa,30.3030899,75.3669298
Tarikere,13.7062309,75.8183561
Tarori,,
Tauru,28.2109261,76.9506404
Teghra,25.472746,85.9368466
Tenkasi(Uzhavar Sandhai ),,
Tenning,,
Thakurganj,26.4274675,88.1289535
Thalasserry,11.7607698,75.4821798
Thalavadi,11.6645354,77.0450286
Thalavadi(Uzhavar Sandhai ),,
Thalavaipuram(Uzhavar Sandhai ),,
Thalayolaparambu,9.7855581,76.4474906
Thammampati,,
Thammampatti (Uzhavar Sandhai ),,
Thanabhavan,,
Thandla,22.4942574,74.5503812
Thandla(F&V),,
Thanjavur,10.659037,79.2014278
Thanjavur(Uzhavar Sandhai ),,
Thathakapatti(Uzhavar Sandhai ),,
Theni,9.8692558,77.4222974
Theni(Uzhavar Sandhai ),,
Thenkasi,10.5459976,79.5972817
Thirukalukundram(Uzhavar Sandhai ),,
Thirumangalam,13.085335,80.201518
Thirumangalam(Uzhavar Sandhai ),,
Thirupathur,10.59635,79.56857
Thiruvannamalai,9.539867,77.6197904
Thiruvarur,10.6878621,79.4979437
Thoothukudi,8.8457035,77.9938178
Thoubal,24.6252503,94.0083522
Thrissur,10.5270099,76.214621
Thuraiyur,11.2302028,78.5650695
Tikamgarh,24.8552105,79.0472546
Tikonia,29.2233771,79.5305091
Tileibani,21.545604,84.6057171
Timarni,22.3762705,77.2301922
Timarni(F&V),,
Tindivanam,12.2291607,79.6515314
Tinsukia,27.4879722,95.3601855
Tiphra,31.4397947,77.3215198
Tiptur,13.258575,76.4737675
Tiruchengode,11.3786608,77.8949223
Tirupatthur(Uzhavar Sandhai ),,
Tiruppur (North) (Uzhavar Sandhai ),,
Tiruppur (South) (Uzhavar Sandhai ),,
Tiruthuraipoondi,10.53,79.643497
Tiruthuraipoondi(Uzhavar Sandhai ),,
Tiruvallur(Uzhavar Sandhai ),,
Tiruvannamalai(Uzhavar Sandhai ),,
Tiruvarur(Uzhavar Sandhai ),,
Tohana,29.6459888,75.8120531
Tohana(New Veg Market),,
Tonk,26.122266,75.8238631
Triveniganj,26.1270382,86.8872792
Tulsipur,27.5318766,82.4090082
Tura,25.5125616,90.2171526
Tuticorin(Uzhavar Sandhai ),,
Udhagamandalam(Uzhavar Sandhai ),,
Udhampur,32.9219726,75.1331482
Udumalpet,10.5812766,77.2437652
Udupi,13.5269784,74.8731879
Ujjain,23.1885131,75.7716562
Uklana,29.5124365,75.8782021
Ulundurpettai,11.7391847,79.2980558
Umrane,20.42407,74.346869
Usilampatty,10.5965294,78.4335581
Uttaripura,,
Vadaseri,10.732691,78.525975
Vadavalli(Uzhavar Sandhai ),,
Vadgaonpeth,,
Vadhvan,,
Vaduj,17.5950822,74.4504661
Valangaiman,10.8561507,79.3570411
Vamanapuram,8.7218833,76.8980032
Vandavasi(Uzhavar Sandhai ),,
Vaniyambadi,12.6787174,78.6199879
Vaniyampadi(Uzhavar Sandhai ),,
Varanasi,25.3356491,83.0076292
Varipaal,,
Varora,20.3245584,79.0068514
Vedasanthur(Uzhavar Sandhai ),,
Velayuthampalayam(Uzhavar Sandhai ),,
Vellore,12.9021849,79.061104
Vengeri(Kozhikode),11.2937833,75.7898263
Vijapur(veg),,
Vijaynagar,24.2997393,73.3156748
Vikarabad,17.2702855,77.745297
Vikramganj,20.243184,81.020067
Vilaspur,17.9187994,76.3794637
Viralimalai(Uzhavar Sandhai ),,
Virudhunagar,9.4926289,77.8631831
Virudhunagar(Uzhavar Sandhai ),,
Viruthachalam(Uzhavar Sandhai ),,
Visnagar,23.6978037,72.5507598
Wansi,24.2021362,81.3556372
Wardha,20.8256231,78.6131455
Washi (Dharashiv),18.5349906,75.8030152
Wazirganj,24.7830658,85.1948974
Williamnagar,25.506085,90.60381
Yawal,21.2260018,75.6950825
Yusufpur,25.622302,83.7560438
Zaloosa-Chararishrief (F&V),,
vadakarapathy,10.7775474,76.8505759
